{"activate.v": {"38204": {"light": 1.0, "scatter": 0.5}, "<unk>": 0.003745318352059925, "38201": {"chain": 0.005494505494505495, "move": 0.016483516483516484, "focus": 0.005494505494505495, "shape": 0.005494505494505495, "go": 0.005494505494505495, "bank": 0.005494505494505495, "find": 0.01098901098901099, "decay": 0.005494505494505495, "fix": 0.005494505494505495, "prostaglandin": 0.005494505494505495, "location": 0.01098901098901099, "presentation": 0.005494505494505495, "get": 0.01098901098901099, "propose": 0.005494505494505495, "rise": 0.005494505494505495, "stop": 0.005494505494505495, "connects": 0.005494505494505495, "bear": 0.005494505494505495, "break": 0.01098901098901099, "joint": 0.005494505494505495, "fall": 0.005494505494505495, "retreat": 0.005494505494505495, "level": 0.01098901098901099, "leave": 0.005494505494505495, "adjust": 0.005494505494505495, "trap": 0.005494505494505495, "activity": 0.005494505494505495, "bone": 0.01098901098901099, "activate": 0.005494505494505495, "force": 0.005494505494505495, "reduce": 0.005494505494505495, "direct": 0.005494505494505495, "design": 0.005494505494505495, "connect": 0.005494505494505495, "pass": 0.005494505494505495, "close": 0.01098901098901099, "even": 0.01098901098901099, "try": 0.005494505494505495, "increase": 0.016483516483516484, "issue": 0.005494505494505495, "correct": 0.005494505494505495, "exercise": 0.005494505494505495, "shut": 0.005494505494505495, "extend": 0.005494505494505495, "step": 0.005494505494505495, "let": 0.005494505494505495, "conditioning": 0.005494505494505495, "spark": 0.005494505494505495, "contraction": 0.005494505494505495, "reaction": 0.01098901098901099, "shift": 0.005494505494505495, "turn": 0.016483516483516484, "place": 0.005494505494505495, "submerged": 0.005494505494505495, "action": 0.01098901098901099, "first": 0.01098901098901099, "load": 0.005494505494505495, "sweep": 0.005494505494505495, "restrict": 0.005494505494505495, "set": 0.01098901098901099, "motor": 0.01098901098901099, "carry": 0.005494505494505495, "use": 0.01098901098901099, "service": 0.01098901098901099, "stretch": 0.005494505494505495, "system": 0.054945054945054944, "construct": 0.005494505494505495, "stimulation": 0.01098901098901099, "start": 0.016483516483516484, "trigger": 0.02197802197802198, "life": 0.005494505494505495, "form": 0.01098901098901099, "link": 0.005494505494505495, "population": 0.005494505494505495, "fly": 0.005494505494505495, "pull": 0.005494505494505495, "rejection": 0.01098901098901099, "tunnel": 0.005494505494505495, "double": 0.005494505494505495, "work": 0.01098901098901099, "preparation": 0.005494505494505495, "stimulating": 0.005494505494505495, "tap": 0.005494505494505495, "give": 0.005494505494505495, "measure": 0.005494505494505495, "agent": 0.005494505494505495, "have": 0.10989010989010989, "provide": 0.005494505494505495, "make": 0.01098901098901099, "chemical": 0.005494505494505495, "hop": 0.005494505494505495, "tie": 0.005494505494505495, "recording": 0.005494505494505495, "product": 0.005494505494505495, "separate": 0.005494505494505495, "assist": 0.005494505494505495, "spot": 0.005494505494505495, "alert": 0.005494505494505495, "response": 0.02197802197802198, "scrambling": 0.005494505494505495, "attempt": 0.005494505494505495, "light": 0.02197802197802198, "drive": 0.005494505494505495, "element": 0.03296703296703297, "switch": 0.02197802197802198, "push": 0.01098901098901099, "representation": 0.027472527472527472, "order": 0.005494505494505495}, "38202": {"motion": 0.021739130434782608, "intermediate": 0.021739130434782608, "divide": 0.021739130434782608, "get": 0.021739130434782608, "light": 0.06521739130434782, "work": 0.021739130434782608, "acidify": 0.021739130434782608, "system": 0.043478260869565216, "agent": 0.021739130434782608, "find": 0.021739130434782608, "increase": 0.043478260869565216, "have": 0.06521739130434782, "trigger": 0.021739130434782608, "decrease": 0.021739130434782608, "stimulation": 0.021739130434782608, "double": 0.021739130434782608, "action": 0.021739130434782608, "affect": 0.021739130434782608, "scatter": 0.021739130434782608, "cream": 0.021739130434782608}, "38203": {"activate": 0.02702702702702703, "give": 0.02702702702702703, "reduce": 0.02702702702702703, "commitment": 0.02702702702702703, "restrict": 0.02702702702702703, "design": 0.02702702702702703, "have": 0.16216216216216217, "close": 0.02702702702702703, "find": 0.02702702702702703, "even": 0.02702702702702703, "use": 0.02702702702702703, "provide": 0.02702702702702703, "make": 0.02702702702702703, "system": 0.05405405405405406, "increase": 0.02702702702702703, "start": 0.02702702702702703, "trigger": 0.02702702702702703, "include": 0.02702702702702703, "movement": 0.02702702702702703, "life": 0.02702702702702703, "form": 0.02702702702702703, "assist": 0.02702702702702703, "stop": 0.02702702702702703, "direct": 0.02702702702702703, "lift": 0.02702702702702703, "link": 0.05405405405405406, "spark": 0.02702702702702703, "bank": 0.02702702702702703, "light": 0.05405405405405406, "element": 0.05405405405405406, "recording": 0.02702702702702703, "turn": 0.02702702702702703, "submerged": 0.02702702702702703, "push": 0.02702702702702703, "representation": 0.02702702702702703}}}